A.D. Rattray,,Islay,,52.99
Aberlour,Aberlour,A'bunadh Cask Strength,,68.99 
Aberlour,Aberlour,12 Year Old Non-Chillfiltered,12,54.99
Aberlour,Aberlour,12 Year Old,12,39.99 
Cadenhead's,Aberlour,14 Year Old,14,89.99
Aberlour,Aberlour,16 Year Old,16,69.99 
Exclusive Malts,Allt-A-Bhainne,22 Year Old 1993,22,159.99
Ardbeg,Ardbeg,Corryvreckan,,69.99 
Ardbeg,Ardbeg,Uigeadail,,55.99 
Ardbeg,Ardbeg,10 Year Old,10,42.99 
Arran,Arran,The Bothy Quarter Cask,,79.99
Arran,Arran,The Illicit Stills Smuggler's Series,,149.99
Arran,Arran,10 Year Old,10,49.99  
Arran,Arran,12 Year Old Cask Strength,12,64.99  
Arran,Arran,14 Year Old,14,69.99  
Arran,Arran,Machrie Moor Cask Strength Peated,,79.99
Auchentoshan,Auchentoshan,18 Year Old,18,119.99
Exclusive Malts,Auchroisk,11 Year Old Single Barrel Cask Strength,11,99.99
Balvenie,Balvenie,Doublewood,12,45.99 
Balvenie,Balvenie,14 Year Caribbean Cask,14,65.99  
Balvenie,Balvenie,15 Year Old,15,109.99 
Balvenie,Balvenie,17 Year Old Doublewood,17,125.99
Balvenie,Balvenie,21 Year Old Port Wood,21,199.99
Ben Nevis,Ben Nevis,15 Year Old,15,99.99
Ben Nevis,Ben Nevis,15 Year Old Fresh Sherry Butt #596 Cask Strength,15,189.99
Exclusive Malts,Ben Nevis,17 Year Old Ex-Sherry Cask Strength,17,139.99
BenRiach,BenRiach,Curiostas 10 Year Old Heavily Peated,10,59.99
BenRiach,BenRiach,Solstice 17 Year Old,17,99.99  
BenRiach,BenRiach,12 Year Old Sherry Wood,12,49.99
BenRiach,BenRiach,12 Year Old,12,39.99  
Benromach,Benromach,Peat Smoke,,59.99
Benromach,Benromach,10 Year Old,10,49.99  
Benromach,Benromach,15 Year Old,15,99.99
Benromach,Benromach,Organic,,64.99
Bowmore,Bowmore,Darkest 15 Year Old Sherry Cask,15,74.99 
Bowmore,Bowmore,23 Year Old,23,599.99
Bowmore,Bowmore,Small Batch Reserve,,36.99
Chieftain's,Braeval,19 Year Old Single Barrel,19,109.99
Bruichladdich,Bruichladdich,Octomore 7.3 Heavily Peated,,169.99
Bruichladdich,Bruichladdich,Rockside Farms Islay Barley,,59.99
Exclusive Malts,Bruichladdich,11 Year Single Barrel Cask Strength,11,109.99
Bruichladdich,Bruichladdich,Classic Laddie Scottish Barley,,49.99
Bruichladdich,Bruichladdich,Octomore 7.1 Heavily Peated Islay,,169.99
Bunnahabhain,Bunnahabhain,12 Year Old,12,49.99 
Bunnahabhain,Bunnahabhain,Ceobanach Peated,,84.99
Bunnahabhain,Bunnahabhain,Toiteach Peated,,65.99
Cadenhead's,,Highland,,64.99
Cadenhead's,,Lowland,,64.99
Caol Ila,Caol Ila,12 Year Old,12,59.99 
Gordon and MacPhail,Caol Ila,Cask Strength,,99.99
Clynelish,Clynelish,Select Reserve Special Release,,899.99  
Clynelish,Clynelish,14 Year Old,14,52.99 
Cragganmore,Cragganmore,12 Year Old,12,49.99 
Craigellachie,Craigellachie,13 Year Old,13,54.99
Craigellachie,Craigellachie,23 Year Old,23,274.99
Dailuaine,Dailuaine,34 Year Old Special Release,34,699.99
Dalwhinnie,Dalwhinnie,15 Year Old,15,49.99  
Deanston,Deanston,12 Year Old Un-chillfiltered,12,49.99  
Deanston,Deanston,20 Year Old Oloroso Sherry Barrel Cask Strength,20,149.99
Edradour,Edradour,10 Year Old,10,54.99  
Edradour,Edradour,Ballechin 10 Year Old Heavily Peated,10,72.99
Glen Elgin,Glen Elgin,20 Year Old Wemyss Winter Larder Single Sherry Butt,20,129.99
Glen Garioch,Glen Garioch,12 Year Old,12,54.99  
Exclusive Malts,Glen Garioch,19 Year Old Ex-Rum Cask Finish Single Barrel Cask Strength,19,149.99
Glen Garioch,Glen Garioch,Founder's Reserve,,42.99 
Glen Grant,Glen Grant,10 Year Old,10,46.99  
Glen Grant,Glen Grant,16 Year Old,16,79.99  
Glendronach,Glendronach,12 Year Old,12,47.99  
Glendronach,Glendronach,Cask Strength Batch #3,,89.99
Glendronach,Glendronach,Peated,,62.99
Glenfarclas,Glenfarclas,12 Year Old,12,49.99
Glenfarclas,Glenfarclas,17 Year Old,17,99.99 
Glenfarclas,Glenfarclas,21 Year Old,21,129.99
Glenfarclas,Glenfarclas,25 Year Old,25,149.99
Glenfarclas,Glenfarclas,Family Cask #3551,,599.99
Glenlivet,Glenlivet,Nadurra Oloroso Sherry,,69.99
Glenlivet,Glenlivet,Nadurra 16 Year Old Non-Chillfiltered,16,69.99 
Glenlivet,Glenlivet,12 Year Old,12,27.99 
Glenmorangie,Glenmorangie,Milsean Private Edition,,99.99
Glenmorangie,Glenmorangie,Nectar D'Or,12,65.99 
Glenmorangie,Glenmorangie,The Original 10 Year Old,10,29.99 
Glenmorangie,Glenmorangie,The Lasanta,12,47.99 
Glenmorangie,Glenmorangie,Quinta Ruban,12,47.99 
Glenmorangie,Glenmorangie,18 Year Old,18,99.99  
Glenmorangie,Glenmorangie,25 Year Old,25,499.99 
Glenrothes,Glenrothes,Sherry Reserve,,49.99
Glenrothes,Glenrothes,Bourbon Cask,,46.99
Glenrothes,Glenrothes,Vintage Reserve,,42.99
Highland Park,Highland Park,Dark Origins,,79.99
Highland Park,Highland Park,12 Year Old,12,44.99 
Alexander Murray,Highland Park,13 Year Old Cask Strength,13,89.99
Highland Park,Highland Park,18 Year Old,18,119.99 
Highland Park,Highland Park,30 Year Old,30,899.99
Isle of Jura,Isle of Jura,16 Year Old,16,69.99  
Kilchoman,Kilchoman,Machir Bay Islay,,54.99
Kilchoman,Kilchoman,Madeira Cask Islay,,119.99
Kilchoman,Kilchoman,Single Cask PX Finish,,129.99
Kilkerran,Kilkerran,Work In Progress #7 Sherry Cask,,64.99
Lagavulin,Lagavulin,2015 Edition 12 Year Old Natural Cask Strength,12,124.99  
Lagavulin,Lagavulin,Distiller's Edition,,99.99
Lagavulin,Lagavulin,16 Year Old,16,69.99 
Laphroaig,Laphroaig,Quarter Cask,,54.99 
Laphroaig,Laphroaig,10 Year Old,10,39.99 
Laphroaig,Laphroaig,10 Year Old Original Cask Strength,10,69.99 
Hunter Laing's,Longmorn,Old & Rare Single Cask Strength,29,349.99
Longrow,Longrow,Red Pinot Cask 12 Year,12,109.99
Longrow,Longrow,,,54.99
Macallan,Macallan,Gran Reserva 18 Year Old,18,1999.99
Macallan,Macallan,M,,4500.00
Macallan,Macallan,12 Year Old,12,49.99 
Macallan,Macallan,18 Year Old,18,239.99 
Macallan,Macallan,Anniversary 25 Year Old,25,2299.99
Macallan,Macallan,Rare Cask,,269.99
Gordon & MacPhail,Mortlach,15 Year Old,15,72.99
Chieftain's,Mortlach,18 Year Old Single Barrel PX Finish,18,99.99
Mortlach,Mortlach,18 Year Old,18,339.99
Gordon & Macphail,Mortlach,25 Year Old,25,219.99
Oban,Oban,Limited Edition 18 Year Old,18,109.99 
Oban,Oban,14 Year Old,14,59.99  
Oban,Oban,Distillers Edition Montilla Fino,,109.99  
Oban,Oban,Little Bay Limited Edition,,69.99 
Pittyvaich,Pittyvaich,25 Year Old Special Release,25,449.99  
Port Charlotte,Port Charlotte,Islay Barley,,59.99
Port Charlotte,Port Charlotte,Scottish Barley Heavily Peated,,55.99
Port Ellen,Port Ellen,32 Year Old 15th Edition Special Release Year Old Cask Strength,32,3999.99
Springbank,Springbank,10 Year Old,10,54.99
Springbank,Springbank,12 Year Old Cask Strength,12,84.99
Springbank,Springbank,13 Year Old Green,13,109.99
Springbank,Springbank,15 Year Old,15,99.99 
Springbank,Springbank,21 Year Old,21,999.99
Springbank,Springbank,25 Year Old,25,799.99
Stronachie,Stronachie,18 Year Old,18,79.99
Talisker,Talisker,Storm Limited Edition,,59.99  
Talisker,Talisker,10 Year Old,10,49.99 
Talisker,Talisker,25 Year Old,25,499.99  
Tamdhu,Tamdhu,10 Year Old,10,64.99
Tamdhu,Tamdhu,Cask Strength,,89.99 
Tomintoul,Tomintoul,16 Year Old,16,68.99  
Tomintoul,Tomintoul,Peated,,59.99
