Aberlour,Aberlour,A'Bunadh Cask Strength,,$79.98
Aberlour,Aberlour,16 Year Old Double Cask,16,$74.98
Aberlour,Aberlour,18 Year Old,18,$99.98
Ardbeg,Ardbeg,Perpetuum,,$89.88
Auchentoshan,Auchentoshan,American Oak,,$39.98
Balvenie,Balvenie,12 Year Old Double Wood,12,$49.98
Balvenie,Balvenie,14 Year Old Caribbean Cask,14,$69.98
Balvenie,Balvenie,17 Year Old Double Wood,17,$129.98
BenRiach,BenRiach,16 Year Old Sauternes Finish,16,$98.98
Bowmore,Bowmore,15 Year Old Darkest,15,$79.98
Bruichladdich,Bruichladdich,Octomore 6.1,5,$149.98
Bruichladdich,Bruichladdich,Port Charlotte Heavily Peated,,$59.98
Bruichladdich,Bruichladdich,The Classic Laddie Unpeated,,$59.98
Bruichladdich,Bruichladdich,2007 Rockside Farm Unpeated,,$59.98
Bruichladdich,Bruichladdich,Octomore 7.1,,$159.98
Bruichladdich,Bruichladdich,Octomore 7.2 Super-Heavily Peated,,$169.98
Bunnahabhain,Bunnahabhain,12 Year Old,12,$54.98
Bunnahabhain,Bunnahabhain,18 Year Old,18,$109.98
Bunnahabhain,Bunnahabhain,25 Year Old,25,$398.98
Cardhu,Cardhu,12 Year Old,12,$49.98
ClynelishClynelish,14 Year Old,14,$69.98
Douglas of Drumlanrig,Craigellachie,12 Year Old,12,$79.00
Edradour,Edradour,10 Year Old,10,$54.98
Edradour,Edradour,Sauternes Cask,,$84.98
Glendronach,Glendronach,15 Year Old,15,$119.98
Glendronach,Glendronach,21 Year Old,21,$189.00
Glenfiddich,Glenfiddich,12 Year Old,12,$29.98
Glenmorangie,Glenmorangie,Lasanta,12,$49.98
Glenmorangie,Glenmorangie,Milsean,,$99.98
Glenmorangie,Glenmorangie,The Nectar d'Or,12,$59.98
Glenmorangie,Glenmorangie,The Quinta Ruban,12,$49.98
Glenmorangie,Glenmorangie,The Original,10,$39.98
Glenmorangie,Glenmorangie,Tusail Private Edition,,$99.98
Glenmorangie,Glenmorangie,Extremely Rare 18 Year Old,18,$99.88
Gordon and MacPhail,Caol Ila,10 Year,10,$69.98
Highland Park,Highland Park,12 Year Old,12,$49.98
Highland Park,Highland Park,18 Year Old,18,$139.00
Alexander Murray and Co.,Highland Park,13 Year Old,13,$99.98
Lagavulin,Lagavulin,16 Year Old,16,$79.88
Laphroaig,Laphroaig,Select,,$49.98
Laphroaig,Laphroaig,Triple Wood,,$59.98
Laphroaig,Laphroaig,10 Year Old Cask Strength,10,$74.98
Laphroaig,Laphroaig,10 Year Old,10,$39.98
Laphroaig,Laphroaig,15 Year Limited Release,15,$89.88
Lismore,Lismore,The Legend 21 Year Old,21,$129.98
Kilkerran,Kilkerran,Batch 7 Sherry Cask,,$64.98
Signatory Vintage Scotch Whisky,Mortlach,14 Year Old,14,$69.00
Oban,Oban,Little Bay,,$78.98
Oban,Oban,14 Year Old,14,$66.98
Oban,Oban,18 Year Old,18,$118.88
Springbank,Springbank,10 Year Old,10,$59.98
Springbank,Springbank,12 Year Old,12,$98.98
Springbank,Springbank,13 Year Old Green,13,$109.98
Springbank,Springbank,15 Year Old,15,$99.98
Springbank,Springbank,17 Year Old Sherry Wood,17,$229.00
Springbank,Springbank,18 Year Old,18,$169.98
Talisker,Talisker,Storm,,$74.98
Talisker,Talisker,10 Year Old,10,$59.98
Talisker,Talisker,18 Year Old,18,$139.98
Macallan,Macallan,Sherry Cask 12 Year Old,12,$54.98
Macallan,Macallan,Sherry Cask 18 Year Old,18,$249.00
Macallan,Macallan,Rare Cask,,$268.00
